id,FirstName,LastName,Username,Email,Avatar,Gender,DoB,Address
3628,Jeffie,Klein,jeffie.klein,jeffie.klein@email.com,https://robohash.org/quaeetfacere.png?size=300x300&set=set1,Polygender,1999-04-15,"Lessie Centers,2205 Alona Overpass,Hartmannville,Idaho,United States"
5315,Laurinda,Jast,laurinda.jast,laurinda.jast@email.com,https://robohash.org/illumnecessitatibussapiente.png?size=300x300&set=set1,Genderqueer,1981-06-03,"Jackelyn Landing,884 Von Loop,Andreland,Alabama,United States"
4261,Bernice,Johnson,bernice.johnson,bernice.johnson@email.com,https://robohash.org/nihilsuntvel.png?size=300x300&set=set1,Agender,1960-08-01,"Ziemann Forest,26071 Brekke Greens,Kautzerland,Texas,United States"
2448,Sun,Harber,sun.harber,sun.harber@email.com,https://robohash.org/asperioresessequos.png?size=300x300&set=set1,Genderqueer,1990-10-25,"Swift Common,829 Crist Stream,McCulloughton,South Dakota,United States"
370,Rebbecca,MacGyver,rebbecca.macgyver,rebbecca.macgyver@email.com,https://robohash.org/nullaexipsam.png?size=300x300&set=set1,Non-binary,1985-08-06,"Aurelio Skyway,61090 Osinski Village,Klockoton,Kansas,United States"
1605,Stephnie,Kunde,stephnie.kunde,stephnie.kunde@email.com,https://robohash.org/autempariaturat.png?size=300x300&set=set1,Bigender,1996-10-21,"Lieselotte Fork,850 Flatley Land,Leoland,Kansas,United States"
2912,Angel,Koelpin,angel.koelpin,angel.koelpin@email.com,https://robohash.org/sedconsequaturvoluptatum.png?size=300x300&set=set1,Male,1968-11-02,"Littel Spring,859 Antionette Tunnel,Troyport,Nevada,United States"
113,Dong,Balistreri,dong.balistreri,dong.balistreri@email.com,https://robohash.org/inomniscupiditate.png?size=300x300&set=set1,Non-binary,1961-12-30,"Quitzon Corner,374 Balistreri Run,Lake Ethan,Kentucky,United States"
7474,Bart,Ernser,bart.ernser,bart.ernser@email.com,https://robohash.org/illoauteligendi.png?size=300x300&set=set1,Non-binary,1995-02-21,"D'Amore Vista,510 Blick Landing,Olinborough,Georgia,United States"
2784,Santos,Hettinger,santos.hettinger,santos.hettinger@email.com,https://robohash.org/quisquamexercitationemdeserunt.png?size=300x300&set=set1,Male,1992-11-28,"Kreiger Spring,6649 Christian Circle,Lake Ladawn,Kansas,United States"
5887,Luna,Fay,luna.fay,luna.fay@email.com,https://robohash.org/etquiullam.png?size=300x300&set=set1,Bigender,1987-07-31,"Maryann Highway,83411 Schinner Trail,Morissetteborough,Pennsylvania,United States"
9844,Georgiana,Powlowski,georgiana.powlowski,georgiana.powlowski@email.com,https://robohash.org/etillovero.png?size=300x300&set=set1,Genderfluid,1990-09-13,"Brenton Mission,421 Jakubowski Circle,Adamsport,Idaho,United States"
4873,Alesha,Mills,alesha.mills,alesha.mills@email.com,https://robohash.org/voluptatemipsaprovident.png?size=300x300&set=set1,Female,1964-04-26,"Smitham Run,8827 Leoma Mills,West Budland,Massachusetts,United States"
7739,Maurita,Cormier,maurita.cormier,maurita.cormier@email.com,https://robohash.org/veniamestaspernatur.png?size=300x300&set=set1,Female,1982-04-28,"Cyril Mews,20642 Rolando Junctions,Marshaview,New York,United States"
6069,Tamera,Dooley,tamera.dooley,tamera.dooley@email.com,https://robohash.org/voluptatemabodio.png?size=300x300&set=set1,Male,1977-10-16,"Pacocha Park,5348 Keeling Junction,Celestinastad,Illinois,United States"
4664,Jasper,Huels,jasper.huels,jasper.huels@email.com,https://robohash.org/omnisremrepellendus.png?size=300x300&set=set1,Female,1990-01-22,"Ramon Springs,41090 Beahan Stravenue,Blockfurt,Kansas,United States"
3902,Bobbie,Runolfsson,bobbie.runolfsson,bobbie.runolfsson@email.com,https://robohash.org/suntutet.png?size=300x300&set=set1,Polygender,1968-11-23,"Windler Centers,7067 Seymour Summit,North Thomasena,Wyoming,United States"
6067,Lavern,Fay,lavern.fay,lavern.fay@email.com,https://robohash.org/saepeperferendisquos.png?size=300x300&set=set1,Bigender,1963-07-15,"Nona Freeway,6400 Krajcik Ports,North Salvatore,Montana,United States"
4448,Herta,Von,herta.von,herta.von@email.com,https://robohash.org/perferendisdolormollitia.png?size=300x300&set=set1,Non-binary,1991-03-11,"Bobby Greens,8213 Effertz Estates,Grimestown,Connecticut,United States"
